2014-05-19-13-20-57,tags,vo,lms_front_01,lms_front_02,gps,,,,,,,
2014-06-26-09-31-18,tags,vo,lms_front_01,lms_front_02,lms_front_03,lms_front_04,gps,,,,,
2014-06-26-09-53-12,tags,vo,lms_front_01,lms_front_02,lms_front_03,lms_front_04,gps,,,,,
2014-07-14-14-49-50,tags,vo,lms_front_01,lms_front_02,lms_front_03,lms_front_04,gps,,,,,
2014-07-14-15-16-36,tags,vo,lms_front_01,lms_front_02,lms_front_03,lms_front_04,gps,,,,,
2014-11-14-16-34-33,tags,vo,lms_front_01,lms_front_02,lms_front_03,lms_front_04,lms_front_05,lms_front_06,lms_front_07,gps,,
2014-11-18-13-20-12,tags,vo,lms_front_01,lms_front_02,lms_front_03,lms_front_04,lms_front_05,lms_front_06,gps,,,
2014-12-02-15-30-08,tags,vo,lms_front_01,lms_front_02,lms_front_03,lms_front_04,lms_front_05,lms_front_06,gps,,,
2014-12-05-15-42-07,tags,vo,lms_front_01,lms_front_02,lms_front_03,gps,,,,,,
2014-12-09-13-21-02,tags,vo,lms_front_01,lms_front_02,lms_front_03,lms_front_04,lms_front_05,lms_front_06,gps,,,
2014-12-10-18-10-50,tags,vo,lms_front_01,lms_front_02,lms_front_03,lms_front_04,lms_front_05,lms_front_06,lms_front_07,gps,,
2014-12-12-10-45-15,tags,vo,lms_front_01,lms_front_02,lms_front_03,lms_front_04,lms_front_05,lms_front_06,gps,,,
2014-12-16-09-14-09,tags,vo,lms_front_01,lms_front_02,lms_front_03,lms_front_04,lms_front_05,lms_front_06,gps,,,
2014-12-16-18-44-24,tags,vo,lms_front_01,lms_front_02,lms_front_03,lms_front_04,lms_front_05,lms_front_06,gps,,,
2015-02-03-08-45-10,tags,vo,lms_front_01,lms_front_02,lms_front_03,lms_front_04,lms_front_05,lms_front_06,lms_front_07,gps,,
2015-02-10-11-58-05,tags,vo,lms_front_01,lms_front_02,lms_front_03,lms_front_04,lms_front_05,lms_front_06,lms_front_07,gps,,
2015-02-13-09-16-26,tags,vo,lms_front_01,lms_front_02,lms_front_03,lms_front_04,lms_front_05,lms_front_06,gps,,,
2015-02-17-14-42-12,tags,vo,lms_front_01,lms_front_02,lms_front_03,lms_front_04,lms_front_05,lms_front_06,gps,,,
2015-03-10-14-18-10,tags,vo,lms_front_01,lms_front_02,lms_front_03,lms_front_04,lms_front_05,lms_front_06,gps,,,
2015-03-17-11-08-44,tags,vo,lms_front_01,lms_front_02,lms_front_03,lms_front_04,lms_front_05,gps,,,,
2015-04-17-09-06-25,tags,vo,lms_front_01,lms_front_02,lms_front_03,lms_front_04,lms_front_05,lms_front_06,gps,,,
2015-04-24-08-15-07,tags,vo,lms_front_01,lms_front_02,lms_front_03,lms_front_04,lms_front_05,lms_front_06,lms_front_07,gps,,
2015-05-19-14-06-38,tags,vo,lms_front_01,lms_front_02,lms_front_03,lms_front_04,lms_front_05,lms_front_06,gps,,,
2015-05-22-11-14-30,tags,vo,lms_front_01,lms_front_02,lms_front_03,lms_front_04,lms_front_05,lms_front_06,gps,,,
2015-06-09-15-06-29,tags,vo,lms_front_01,lms_front_02,lms_front_03,lms_front_04,lms_front_05,lms_front_06,lms_front_07,gps,,
2015-06-12-08-52-55,tags,vo,lms_front_01,lms_front_02,lms_front_03,lms_front_04,lms_front_05,gps,,,,
2015-06-26-08-09-43,tags,vo,lms_front_01,lms_front_02,lms_front_03,lms_front_04,lms_front_05,lms_front_06,gps,,,
2015-07-03-15-23-28,tags,vo,lms_front_01,lms_front_02,lms_front_03,lms_front_04,lms_front_05,lms_front_06,lms_front_07,gps,,
2015-07-08-13-37-17,tags,vo,lms_front_01,lms_front_02,lms_front_03,lms_front_04,lms_front_05,lms_front_06,lms_front_07,gps,,
2015-07-10-10-01-59,tags,vo,lms_front_01,lms_front_02,lms_front_03,lms_front_04,lms_front_05,lms_front_06,gps,,,
2015-07-14-16-17-39,tags,vo,lms_front_01,lms_front_02,lms_front_03,lms_front_04,lms_front_05,lms_front_06,lms_front_07,lms_front_08,lms_front_09,gps
2015-08-12-15-04-18,tags,vo,lms_front_01,lms_front_02,lms_front_03,lms_front_04,lms_front_05,lms_front_06,gps,,,
2015-08-13-16-02-58,tags,vo,lms_front_01,lms_front_02,lms_front_03,lms_front_04,lms_front_05,lms_front_06,lms_front_07,lms_front_08,gps,
2015-08-14-14-54-57,tags,vo,lms_front_01,lms_front_02,lms_front_03,lms_front_04,lms_front_05,lms_front_06,lms_front_07,gps,,
2015-08-17-10-26-38,tags,vo,lms_front_01,lms_front_02,gps,,,,,,,
2015-08-17-10-42-18,tags,vo,lms_front_01,lms_front_02,lms_front_03,lms_front_04,lms_front_05,lms_front_06,gps,,,
2015-08-17-13-30-19,tags,vo,lms_front_01,lms_front_02,lms_front_03,lms_front_04,gps,,,,,
2015-08-20-12-00-47,tags,vo,lms_front_01,lms_front_02,lms_front_03,lms_front_04,gps,,,,,
2015-08-28-09-50-22,tags,vo,lms_front_01,lms_front_02,lms_front_03,lms_front_04,lms_front_05,lms_front_06,gps,,,
2015-10-30-13-52-14,tags,vo,lms_front_01,lms_front_02,lms_front_03,lms_front_04,lms_front_05,lms_front_06,lms_front_07,lms_front_08,lms_front_09,gps
2015-11-10-10-32-52,tags,vo,lms_front_01,lms_front_02,lms_front_03,lms_front_04,lms_front_05,gps,,,,
2015-11-10-11-55-47,tags,vo,lms_front_01,lms_front_02,lms_front_03,lms_front_04,gps,,,,,
2015-11-10-14-15-57,tags,vo,lms_front_01,lms_front_02,lms_front_03,lms_front_04,lms_front_05,lms_front_06,gps,,,
2015-11-12-11-22-05,tags,vo,lms_front_01,lms_front_02,lms_front_03,lms_front_04,lms_front_05,lms_front_06,gps,,,
2015-11-13-10-28-08,tags,vo,lms_front_01,lms_front_02,lms_front_03,lms_front_04,lms_front_05,lms_front_06,lms_front_07,lms_front_08,gps,
